config,block,h,q0,p,r_fallback,sigma,silent_penalty,c_fail_mult,stream,price,policy,mean_tokens,rel_to_ours_noinflate,mean_final_library,mean_max_library,mean_n_compiles,mean_program_deaths,mean_silent_failures,mean_use_failures,mean_wasted_tax,mean_tax_share,mean_failed_attempts,mean_failed_tokens,cheapest_policy,best_vs_naive
h=0.1/q0=0.4/p=0.3/r=1/sig=0/cf=1,quick,0.1,0.4,0.3,1.0,0.0,1.0,1.0,sepsis,autorpa_233k,always_reactive,77101119.0,0.992009,0.0,0.0,0.0,0.0,0.0,0.0,0.0,0.005,0.0,0.0,always_reactive,0.841795
h=0.1/q0=0.4/p=0.3/r=1/sig=0/cf=1,quick,0.1,0.4,0.3,1.0,0.0,1.0,1.0,sepsis,autorpa_233k,always_compile_evict,91591347.667,1.178445,11.333,11.333,75.667,7.667,0.0,36.667,72.667,0.009,56.0,13048000.0,always_reactive,0.841795
h=0.1/q0=0.4/p=0.3/r=1/sig=0/cf=1,quick,0.1,0.4,0.3,1.0,0.0,1.0,1.0,sepsis,autorpa_233k,ours_noinflate,77722175.667,1.0,0.333,0.333,3.0,0.0,0.0,0.667,3.0,0.005,2.667,621333.333,always_reactive,0.841795
h=0.1/q0=0.4/p=0.3/r=1/sig=0/cf=1,quick,0.1,0.4,0.3,1.0,0.0,1.0,1.0,sepsis,autorpa_233k,oracle_tax,77101119.0,0.992009,0.0,0.0,0.0,0.0,0.0,0.0,0.0,0.005,0.0,0.0,always_reactive,0.841795
h=0.1/q0=0.4/p=0.3/r=1/sig=0/cf=1,quick,0.1,0.4,0.3,1.0,0.0,1.0,1.0,sepsis,autorpa_233k,ours_spend_cap,77722175.667,1.0,0.333,0.333,3.0,0.0,0.0,0.667,3.0,0.005,2.667,621333.333,always_reactive,0.841795
h=0.1/q0=0.4/p=0.3/r=1/sig=0/cf=1,quick,0.1,0.4,0.3,1.0,0.0,1.0,1.0,sepsis,autorpa_233k,ours_pi_prior,78033119.0,1.004001,0.0,0.0,4.0,0.0,0.0,0.0,4.0,0.005,4.0,932000.0,always_reactive,0.841795
h=0.1/q0=0.4/p=0.3/r=1/sig=0/cf=1,quick,0.1,0.4,0.3,1.0,0.0,1.0,1.0,sepsis,autorpa_233k,ours_both,78033119.0,1.004001,0.0,0.0,4.0,0.0,0.0,0.0,4.0,0.005,4.0,932000.0,always_reactive,0.841795
h=0.1/q0=0.4/p=0.3/r=1/sig=0/cf=1,quick,0.1,0.4,0.3,1.0,0.0,1.0,1.0,sepsis,autorpa_233k,offline_taxblind,77101119.0,0.992009,,,,,,,,,,,always_reactive,0.841795
h=0.1/q0=0.4/p=0.3/r=1/sig=0/cf=1,quick,0.1,0.4,0.3,1.0,0.0,1.0,1.0,sepsis,autorpa_233k,offline_opt_tax,77101119.0,0.992009,,,,,,,,,,,always_reactive,0.841795
h=0.1/q0=0.4/p=0.3/r=1/sig=0/cf=1,quick,0.1,0.4,0.3,1.0,0.0,1.0,1.0,sepsis,native,always_reactive,77101119.0,1.028117,0.0,0.0,0.0,0.0,0.0,0.0,0.0,0.005,0.0,0.0,ours_pi_prior,0.999966
h=0.1/q0=0.4/p=0.3/r=1/sig=0/cf=1,quick,0.1,0.4,0.3,1.0,0.0,1.0,1.0,sepsis,native,always_compile_evict,74992546.667,1.0,8.333,9.667,75.667,7.667,0.0,36.667,57.333,0.01,56.0,814744.0,ours_pi_prior,0.999966
h=0.1/q0=0.4/p=0.3/r=1/sig=0/cf=1,quick,0.1,0.4,0.3,1.0,0.0,1.0,1.0,sepsis,native,ours_noinflate,74992546.667,1.0,8.333,9.667,75.667,7.667,0.0,36.667,57.333,0.01,56.0,814744.0,ours_pi_prior,0.999966
h=0.1/q0=0.4/p=0.3/r=1/sig=0/cf=1,quick,0.1,0.4,0.3,1.0,0.0,1.0,1.0,sepsis,native,oracle_tax,74822459.333,0.997732,6.333,7.0,48.0,7.333,0.0,33.0,35.333,0.009,34.333,499515.667,ours_pi_prior,0.999966
h=0.1/q0=0.4/p=0.3/r=1/sig=0/cf=1,quick,0.1,0.4,0.3,1.0,0.0,1.0,1.0,sepsis,native,ours_spend_cap,74992546.667,1.0,8.333,9.667,75.667,7.667,0.0,36.667,57.333,0.01,56.0,814744.0,ours_pi_prior,0.999966
h=0.1/q0=0.4/p=0.3/r=1/sig=0/cf=1,quick,0.1,0.4,0.3,1.0,0.0,1.0,1.0,sepsis,native,ours_pi_prior,74989994.0,0.999966,7.667,9.333,74.667,7.667,0.0,36.333,56.667,0.01,55.667,809894.333,ours_pi_prior,0.999966
h=0.1/q0=0.4/p=0.3/r=1/sig=0/cf=1,quick,0.1,0.4,0.3,1.0,0.0,1.0,1.0,sepsis,native,ours_both,74989994.0,0.999966,7.667,9.333,74.667,7.667,0.0,36.333,56.667,0.01,55.667,809894.333,ours_pi_prior,0.999966
h=0.1/q0=0.4/p=0.3/r=1/sig=0/cf=1,quick,0.1,0.4,0.3,1.0,0.0,1.0,1.0,sepsis,native,offline_taxblind,70101262.956,0.934776,,,,,,,,,,,ours_pi_prior,0.999966
h=0.1/q0=0.4/p=0.3/r=1/sig=0/cf=1,quick,0.1,0.4,0.3,1.0,0.0,1.0,1.0,sepsis,native,offline_opt_tax,71344569.758,0.951355,,,,,,,,,,,ours_pi_prior,0.999966
h=0.1/q0=0.4/p=0.3/r=1/sig=0/cf=1,quick,0.1,0.4,0.3,1.0,0.0,1.0,1.0,wiki_A,autorpa_233k,always_reactive,46668376.0,0.968773,0.0,0.0,0.0,0.0,0.0,0.0,0.0,0.005,0.0,0.0,always_reactive,0.628969
h=0.1/q0=0.4/p=0.3/r=1/sig=0/cf=1,quick,0.1,0.4,0.3,1.0,0.0,1.0,1.0,wiki_A,autorpa_233k,always_compile_evict,74198185.667,1.540256,8.333,10.0,175.333,34.667,0.0,161.333,154.667,0.006,126.333,29435666.667,always_reactive,0.628969
h=0.1/q0=0.4/p=0.3/r=1/sig=0/cf=1,quick,0.1,0.4,0.3,1.0,0.0,1.0,1.0,wiki_A,autorpa_233k,ours_noinflate,48172644.667,1.0,0.667,1.0,8.667,1.333,0.0,4.333,8.0,0.005,6.333,1475666.667,always_reactive,0.628969
h=0.1/q0=0.4/p=0.3/r=1/sig=0/cf=1,quick,0.1,0.4,0.3,1.0,0.0,1.0,1.0,wiki_A,autorpa_233k,oracle_tax,46668376.0,0.968773,0.0,0.0,0.0,0.0,0.0,0.0,0.0,0.005,0.0,0.0,always_reactive,0.628969
h=0.1/q0=0.4/p=0.3/r=1/sig=0/cf=1,quick,0.1,0.4,0.3,1.0,0.0,1.0,1.0,wiki_A,autorpa_233k,ours_spend_cap,48172644.667,1.0,0.667,1.0,8.667,1.333,0.0,4.333,8.0,0.005,6.333,1475666.667,always_reactive,0.628969
h=0.1/q0=0.4/p=0.3/r=1/sig=0/cf=1,quick,0.1,0.4,0.3,1.0,0.0,1.0,1.0,wiki_A,autorpa_233k,ours_pi_prior,47864285.333,0.993599,1.333,1.667,8.333,0.667,0.0,9.333,7.0,0.005,5.0,1165000.0,always_reactive,0.628969
h=0.1/q0=0.4/p=0.3/r=1/sig=0/cf=1,quick,0.1,0.4,0.3,1.0,0.0,1.0,1.0,wiki_A,autorpa_233k,ours_both,47864285.333,0.993599,1.333,1.667,8.333,0.667,0.0,9.333,7.0,0.005,5.0,1165000.0,always_reactive,0.628969
h=0.1/q0=0.4/p=0.3/r=1/sig=0/cf=1,quick,0.1,0.4,0.3,1.0,0.0,1.0,1.0,wiki_A,autorpa_233k,offline_taxblind,46668376.0,0.968773,,,,,,,,,,,always_reactive,0.628969
h=0.1/q0=0.4/p=0.3/r=1/sig=0/cf=1,quick,0.1,0.4,0.3,1.0,0.0,1.0,1.0,wiki_A,autorpa_233k,offline_opt_tax,46668376.0,0.968773,,,,,,,,,,,always_reactive,0.628969
h=0.1/q0=0.4/p=0.3/r=1/sig=0/cf=1,quick,0.1,0.4,0.3,1.0,0.0,1.0,1.0,wiki_A,native,always_reactive,46668376.0,1.300283,0.0,0.0,0.0,0.0,0.0,0.0,0.0,0.005,0.0,0.0,always_compile_evict,1.0
h=0.1/q0=0.4/p=0.3/r=1/sig=0/cf=1,quick,0.1,0.4,0.3,1.0,0.0,1.0,1.0,wiki_A,native,always_compile_evict,35862682.667,0.999213,5.333,8.0,175.333,34.667,0.0,161.333,127.333,0.012,126.333,1838023.667,always_compile_evict,1.0
h=0.1/q0=0.4/p=0.3/r=1/sig=0/cf=1,quick,0.1,0.4,0.3,1.0,0.0,1.0,1.0,wiki_A,native,ours_noinflate,35890935.0,1.0,5.333,8.333,174.667,34.333,0.0,160.333,127.0,0.012,126.0,1833174.0,always_compile_evict,1.0
h=0.1/q0=0.4/p=0.3/r=1/sig=0/cf=1,quick,0.1,0.4,0.3,1.0,0.0,1.0,1.0,wiki_A,native,oracle_tax,35975515.333,1.002357,10.333,12.333,163.333,33.667,0.0,158.667,120.333,0.015,119.333,1736180.667,always_compile_evict,1.0
h=0.1/q0=0.4/p=0.3/r=1/sig=0/cf=1,quick,0.1,0.4,0.3,1.0,0.0,1.0,1.0,wiki_A,native,ours_spend_cap,35885969.667,0.999862,5.333,8.333,174.333,34.0,0.0,160.0,127.0,0.012,126.0,1833174.0,always_compile_evict,1.0
h=0.1/q0=0.4/p=0.3/r=1/sig=0/cf=1,quick,0.1,0.4,0.3,1.0,0.0,1.0,1.0,wiki_A,native,ours_pi_prior,36015899.333,1.003482,5.333,8.333,172.0,33.667,0.0,156.333,125.667,0.011,124.667,1813775.333,always_compile_evict,1.0
h=0.1/q0=0.4/p=0.3/r=1/sig=0/cf=1,quick,0.1,0.4,0.3,1.0,0.0,1.0,1.0,wiki_A,native,ours_both,36010934.0,1.003343,5.333,8.333,171.667,33.333,0.0,156.0,125.667,0.011,124.667,1813775.333,always_compile_evict,1.0
h=0.1/q0=0.4/p=0.3/r=1/sig=0/cf=1,quick,0.1,0.4,0.3,1.0,0.0,1.0,1.0,wiki_A,native,offline_taxblind,28599163.064,0.796835,,,,,,,,,,,always_compile_evict,1.0
h=0.1/q0=0.4/p=0.3/r=1/sig=0/cf=1,quick,0.1,0.4,0.3,1.0,0.0,1.0,1.0,wiki_A,native,offline_opt_tax,29238187.63,0.81464,,,,,,,,,,,always_compile_evict,1.0
h=0.1/q0=0.4/p=0.3/r=1/sig=0/cf=3,quick,0.1,0.4,0.3,1.0,0.0,1.0,3.0,sepsis,autorpa_233k,always_reactive,77101119.0,0.976398,0.0,0.0,0.0,0.0,0.0,0.0,0.0,0.005,0.0,0.0,always_reactive,0.655135
h=0.1/q0=0.4/p=0.3/r=1/sig=0/cf=3,quick,0.1,0.4,0.3,1.0,0.0,1.0,3.0,sepsis,autorpa_233k,always_compile_evict,117687347.667,1.490377,11.333,11.333,75.667,7.667,0.0,36.667,72.667,0.007,56.0,39144000.0,always_reactive,0.655135
h=0.1/q0=0.4/p=0.3/r=1/sig=0/cf=3,quick,0.1,0.4,0.3,1.0,0.0,1.0,3.0,sepsis,autorpa_233k,ours_noinflate,78964842.333,1.0,0.333,0.333,3.0,0.0,0.0,0.667,3.0,0.005,2.667,1864000.0,always_reactive,0.655135
h=0.1/q0=0.4/p=0.3/r=1/sig=0/cf=3,quick,0.1,0.4,0.3,1.0,0.0,1.0,3.0,sepsis,autorpa_233k,oracle_tax,77101119.0,0.976398,0.0,0.0,0.0,0.0,0.0,0.0,0.0,0.005,0.0,0.0,always_reactive,0.655135
h=0.1/q0=0.4/p=0.3/r=1/sig=0/cf=3,quick,0.1,0.4,0.3,1.0,0.0,1.0,3.0,sepsis,autorpa_233k,ours_spend_cap,78964842.333,1.0,0.333,0.333,3.0,0.0,0.0,0.667,3.0,0.005,2.667,1864000.0,always_reactive,0.655135
h=0.1/q0=0.4/p=0.3/r=1/sig=0/cf=3,quick,0.1,0.4,0.3,1.0,0.0,1.0,3.0,sepsis,autorpa_233k,ours_pi_prior,79897119.0,1.011806,0.0,0.0,4.0,0.0,0.0,0.0,4.0,0.005,4.0,2796000.0,always_reactive,0.655135
h=0.1/q0=0.4/p=0.3/r=1/sig=0/cf=3,quick,0.1,0.4,0.3,1.0,0.0,1.0,3.0,sepsis,autorpa_233k,ours_both,78499119.0,0.994102,0.0,0.0,2.0,0.0,0.0,0.0,2.0,0.005,2.0,1398000.0,always_reactive,0.655135
h=0.1/q0=0.4/p=0.3/r=1/sig=0/cf=3,quick,0.1,0.4,0.3,1.0,0.0,1.0,3.0,sepsis,autorpa_233k,offline_taxblind,77101119.0,0.976398,,,,,,,,,,,always_reactive,0.655135
h=0.1/q0=0.4/p=0.3/r=1/sig=0/cf=3,quick,0.1,0.4,0.3,1.0,0.0,1.0,3.0,sepsis,autorpa_233k,offline_opt_tax,77101119.0,0.976398,,,,,,,,,,,always_reactive,0.655135
h=0.1/q0=0.4/p=0.3/r=1/sig=0/cf=3,quick,0.1,0.4,0.3,1.0,0.0,1.0,3.0,sepsis,native,always_reactive,77101119.0,1.006253,0.0,0.0,0.0,0.0,0.0,0.0,0.0,0.005,0.0,0.0,ours_pi_prior,0.99984
h=0.1/q0=0.4/p=0.3/r=1/sig=0/cf=3,quick,0.1,0.4,0.3,1.0,0.0,1.0,3.0,sepsis,native,always_compile_evict,76622034.667,1.0,8.333,9.667,75.667,7.667,0.0,36.667,57.333,0.01,56.0,2444232.0,ours_pi_prior,0.99984
h=0.1/q0=0.4/p=0.3/r=1/sig=0/cf=3,quick,0.1,0.4,0.3,1.0,0.0,1.0,3.0,sepsis,native,ours_noinflate,76622034.667,1.0,8.333,9.667,75.667,7.667,0.0,36.667,57.333,0.01,56.0,2444232.0,ours_pi_prior,0.99984
h=0.1/q0=0.4/p=0.3/r=1/sig=0/cf=3,quick,0.1,0.4,0.3,1.0,0.0,1.0,3.0,sepsis,native,oracle_tax,75821490.667,0.989552,6.333,7.0,48.0,7.333,0.0,33.0,35.333,0.009,34.333,1498547.0,ours_pi_prior,0.99984
h=0.1/q0=0.4/p=0.3/r=1/sig=0/cf=3,quick,0.1,0.4,0.3,1.0,0.0,1.0,3.0,sepsis,native,ours_spend_cap,76783159.333,1.002103,7.667,9.333,74.667,7.667,0.0,35.0,57.0,0.009,55.667,2429683.0,ours_pi_prior,0.99984
h=0.1/q0=0.4/p=0.3/r=1/sig=0/cf=3,quick,0.1,0.4,0.3,1.0,0.0,1.0,3.0,sepsis,native,ours_pi_prior,76609782.667,0.99984,7.667,9.333,74.667,7.667,0.0,36.333,56.667,0.01,55.667,2429683.0,ours_pi_prior,0.99984
h=0.1/q0=0.4/p=0.3/r=1/sig=0/cf=3,quick,0.1,0.4,0.3,1.0,0.0,1.0,3.0,sepsis,native,ours_both,76770907.333,1.001943,7.0,9.0,73.667,7.667,0.0,34.667,56.333,0.009,55.333,2415134.0,ours_pi_prior,0.99984
h=0.1/q0=0.4/p=0.3/r=1/sig=0/cf=3,quick,0.1,0.4,0.3,1.0,0.0,1.0,3.0,sepsis,native,offline_taxblind,70101262.956,0.914897,,,,,,,,,,,ours_pi_prior,0.99984
h=0.1/q0=0.4/p=0.3/r=1/sig=0/cf=3,quick,0.1,0.4,0.3,1.0,0.0,1.0,3.0,sepsis,native,offline_opt_tax,71344569.758,0.931123,,,,,,,,,,,ours_pi_prior,0.99984
h=0.1/q0=0.4/p=0.3/r=1/sig=0/cf=3,quick,0.1,0.4,0.3,1.0,0.0,1.0,3.0,wiki_A,autorpa_233k,always_reactive,46668376.0,0.912847,0.0,0.0,0.0,0.0,0.0,0.0,0.0,0.005,0.0,0.0,always_reactive,0.350707
h=0.1/q0=0.4/p=0.3/r=1/sig=0/cf=3,quick,0.1,0.4,0.3,1.0,0.0,1.0,3.0,wiki_A,autorpa_233k,always_compile_evict,133069519.0,2.602879,8.333,10.0,175.333,34.667,0.0,161.333,154.667,0.003,126.333,88307000.0,always_reactive,0.350707
h=0.1/q0=0.4/p=0.3/r=1/sig=0/cf=3,quick,0.1,0.4,0.3,1.0,0.0,1.0,3.0,wiki_A,autorpa_233k,ours_noinflate,51123978.0,1.0,0.667,1.0,8.667,1.333,0.0,4.333,8.0,0.005,6.333,4427000.0,always_reactive,0.350707
h=0.1/q0=0.4/p=0.3/r=1/sig=0/cf=3,quick,0.1,0.4,0.3,1.0,0.0,1.0,3.0,wiki_A,autorpa_233k,oracle_tax,46668376.0,0.912847,0.0,0.0,0.0,0.0,0.0,0.0,0.0,0.005,0.0,0.0,always_reactive,0.350707
h=0.1/q0=0.4/p=0.3/r=1/sig=0/cf=3,quick,0.1,0.4,0.3,1.0,0.0,1.0,3.0,wiki_A,autorpa_233k,ours_spend_cap,50177070.333,0.981478,0.667,1.0,7.0,1.0,0.0,4.0,6.333,0.005,5.0,3495000.0,always_reactive,0.350707
h=0.1/q0=0.4/p=0.3/r=1/sig=0/cf=3,quick,0.1,0.4,0.3,1.0,0.0,1.0,3.0,wiki_A,autorpa_233k,ours_pi_prior,50194285.333,0.981815,1.333,1.667,8.333,0.667,0.0,9.333,7.0,0.005,5.0,3495000.0,always_reactive,0.350707
h=0.1/q0=0.4/p=0.3/r=1/sig=0/cf=3,quick,0.1,0.4,0.3,1.0,0.0,1.0,3.0,wiki_A,autorpa_233k,ours_both,49728285.333,0.9727,1.333,1.667,7.667,0.667,0.0,9.333,6.333,0.005,4.333,3029000.0,always_reactive,0.350707
h=0.1/q0=0.4/p=0.3/r=1/sig=0/cf=3,quick,0.1,0.4,0.3,1.0,0.0,1.0,3.0,wiki_A,autorpa_233k,offline_taxblind,46668376.0,0.912847,,,,,,,,,,,always_reactive,0.350707
h=0.1/q0=0.4/p=0.3/r=1/sig=0/cf=3,quick,0.1,0.4,0.3,1.0,0.0,1.0,3.0,wiki_A,autorpa_233k,offline_opt_tax,46668376.0,0.912847,,,,,,,,,,,always_reactive,0.350707
h=0.1/q0=0.4/p=0.3/r=1/sig=0/cf=3,quick,0.1,0.4,0.3,1.0,0.0,1.0,3.0,wiki_A,native,always_reactive,46668376.0,1.179767,0.0,0.0,0.0,0.0,0.0,0.0,0.0,0.005,0.0,0.0,always_compile_evict,1.0
h=0.1/q0=0.4/p=0.3/r=1/sig=0/cf=3,quick,0.1,0.4,0.3,1.0,0.0,1.0,3.0,wiki_A,native,always_compile_evict,39538730.0,0.999531,5.333,8.0,175.333,34.667,0.0,161.333,127.333,0.011,126.333,5514071.0,always_compile_evict,1.0
h=0.1/q0=0.4/p=0.3/r=1/sig=0/cf=3,quick,0.1,0.4,0.3,1.0,0.0,1.0,3.0,wiki_A,native,ours_noinflate,39557283.0,1.0,5.333,8.333,174.667,34.333,0.0,160.333,127.0,0.011,126.0,5499522.0,always_compile_evict,1.0
h=0.1/q0=0.4/p=0.3/r=1/sig=0/cf=3,quick,0.1,0.4,0.3,1.0,0.0,1.0,3.0,wiki_A,native,oracle_tax,39447876.667,0.997234,10.333,12.333,163.333,33.667,0.0,158.667,120.333,0.013,119.333,5208542.0,always_compile_evict,1.0
h=0.1/q0=0.4/p=0.3/r=1/sig=0/cf=3,quick,0.1,0.4,0.3,1.0,0.0,1.0,3.0,wiki_A,native,ours_spend_cap,42944873.0,1.085638,3.667,7.333,118.333,22.333,0.0,102.333,84.667,0.009,84.333,3680897.0,always_compile_evict,1.0
h=0.1/q0=0.4/p=0.3/r=1/sig=0/cf=3,quick,0.1,0.4,0.3,1.0,0.0,1.0,3.0,wiki_A,native,ours_pi_prior,39643450.0,1.002178,5.333,8.333,172.0,33.667,0.0,156.333,125.667,0.01,124.667,5441326.0,always_compile_evict,1.0
h=0.1/q0=0.4/p=0.3/r=1/sig=0/cf=3,quick,0.1,0.4,0.3,1.0,0.0,1.0,3.0,wiki_A,native,ours_both,42993042.0,1.086855,3.667,7.333,116.333,22.333,0.0,99.667,83.333,0.009,83.0,3622701.0,always_compile_evict,1.0
h=0.1/q0=0.4/p=0.3/r=1/sig=0/cf=3,quick,0.1,0.4,0.3,1.0,0.0,1.0,3.0,wiki_A,native,offline_taxblind,28599163.064,0.722981,,,,,,,,,,,always_compile_evict,1.0
h=0.1/q0=0.4/p=0.3/r=1/sig=0/cf=3,quick,0.1,0.4,0.3,1.0,0.0,1.0,3.0,wiki_A,native,offline_opt_tax,29238187.63,0.739135,,,,,,,,,,,always_compile_evict,1.0
h=0.1/q0=0.4/p=0/r=1/sig=0/cf=1,quick,0.1,0.4,0.0,1.0,0.0,1.0,1.0,sepsis,autorpa_233k,always_reactive,77101119.0,0.991015,0.0,0.0,0.0,0.0,0.0,0.0,0.0,0.005,0.0,0.0,always_reactive,0.699729
h=0.1/q0=0.4/p=0/r=1/sig=0/cf=1,quick,0.1,0.4,0.0,1.0,0.0,1.0,1.0,sepsis,autorpa_233k,always_compile_evict,110187119.0,1.416285,0.0,0.0,142.0,0.0,0.0,0.0,142.0,0.004,142.0,33086000.0,always_reactive,0.699729
h=0.1/q0=0.4/p=0/r=1/sig=0/cf=1,quick,0.1,0.4,0.0,1.0,0.0,1.0,1.0,sepsis,autorpa_233k,ours_noinflate,77800119.0,1.0,0.0,0.0,3.0,0.0,0.0,0.0,3.0,0.005,3.0,699000.0,always_reactive,0.699729
h=0.1/q0=0.4/p=0/r=1/sig=0/cf=1,quick,0.1,0.4,0.0,1.0,0.0,1.0,1.0,sepsis,autorpa_233k,oracle_tax,77101119.0,0.991015,0.0,0.0,0.0,0.0,0.0,0.0,0.0,0.005,0.0,0.0,always_reactive,0.699729
h=0.1/q0=0.4/p=0/r=1/sig=0/cf=1,quick,0.1,0.4,0.0,1.0,0.0,1.0,1.0,sepsis,autorpa_233k,ours_spend_cap,77800119.0,1.0,0.0,0.0,3.0,0.0,0.0,0.0,3.0,0.005,3.0,699000.0,always_reactive,0.699729
h=0.1/q0=0.4/p=0/r=1/sig=0/cf=1,quick,0.1,0.4,0.0,1.0,0.0,1.0,1.0,sepsis,autorpa_233k,ours_pi_prior,78033119.0,1.002995,0.0,0.0,4.0,0.0,0.0,0.0,4.0,0.005,4.0,932000.0,always_reactive,0.699729
h=0.1/q0=0.4/p=0/r=1/sig=0/cf=1,quick,0.1,0.4,0.0,1.0,0.0,1.0,1.0,sepsis,autorpa_233k,ours_both,78033119.0,1.002995,0.0,0.0,4.0,0.0,0.0,0.0,4.0,0.005,4.0,932000.0,always_reactive,0.699729
h=0.1/q0=0.4/p=0/r=1/sig=0/cf=1,quick,0.1,0.4,0.0,1.0,0.0,1.0,1.0,sepsis,autorpa_233k,offline_taxblind,77101119.0,0.991015,,,,,,,,,,,always_reactive,0.699729
h=0.1/q0=0.4/p=0/r=1/sig=0/cf=1,quick,0.1,0.4,0.0,1.0,0.0,1.0,1.0,sepsis,autorpa_233k,offline_opt_tax,77101119.0,0.991015,,,,,,,,,,,always_reactive,0.699729
h=0.1/q0=0.4/p=0/r=1/sig=0/cf=1,quick,0.1,0.4,0.0,1.0,0.0,1.0,1.0,sepsis,native,always_reactive,77101119.0,0.976416,0.0,0.0,0.0,0.0,0.0,0.0,0.0,0.005,0.0,0.0,always_reactive,0.973904
h=0.1/q0=0.4/p=0/r=1/sig=0/cf=1,quick,0.1,0.4,0.0,1.0,0.0,1.0,1.0,sepsis,native,always_compile_evict,79167077.0,1.002579,0.0,0.0,142.0,0.0,0.0,0.0,142.0,0.005,142.0,2065958.0,always_reactive,0.973904
h=0.1/q0=0.4/p=0/r=1/sig=0/cf=1,quick,0.1,0.4,0.0,1.0,0.0,1.0,1.0,sepsis,native,ours_noinflate,78963391.0,1.0,0.0,0.0,128.0,0.0,0.0,0.0,128.0,0.005,128.0,1862272.0,always_reactive,0.973904
h=0.1/q0=0.4/p=0/r=1/sig=0/cf=1,quick,0.1,0.4,0.0,1.0,0.0,1.0,1.0,sepsis,native,oracle_tax,77101119.0,0.976416,0.0,0.0,0.0,0.0,0.0,0.0,0.0,0.005,0.0,0.0,always_reactive,0.973904
h=0.1/q0=0.4/p=0/r=1/sig=0/cf=1,quick,0.1,0.4,0.0,1.0,0.0,1.0,1.0,sepsis,native,ours_spend_cap,78963391.0,1.0,0.0,0.0,128.0,0.0,0.0,0.0,128.0,0.005,128.0,1862272.0,always_reactive,0.973904
h=0.1/q0=0.4/p=0/r=1/sig=0/cf=1,quick,0.1,0.4,0.0,1.0,0.0,1.0,1.0,sepsis,native,ours_pi_prior,79007038.0,1.000553,0.0,0.0,131.0,0.0,0.0,0.0,131.0,0.005,131.0,1905919.0,always_reactive,0.973904
h=0.1/q0=0.4/p=0/r=1/sig=0/cf=1,quick,0.1,0.4,0.0,1.0,0.0,1.0,1.0,sepsis,native,ours_both,78992489.0,1.000368,0.0,0.0,130.0,0.0,0.0,0.0,130.0,0.005,130.0,1891370.0,always_reactive,0.973904
h=0.1/q0=0.4/p=0/r=1/sig=0/cf=1,quick,0.1,0.4,0.0,1.0,0.0,1.0,1.0,sepsis,native,offline_taxblind,77101119.0,0.976416,,,,,,,,,,,always_reactive,0.973904
h=0.1/q0=0.4/p=0/r=1/sig=0/cf=1,quick,0.1,0.4,0.0,1.0,0.0,1.0,1.0,sepsis,native,offline_opt_tax,77101119.0,0.976416,,,,,,,,,,,always_reactive,0.973904
h=0.1/q0=0.4/p=0/r=1/sig=0/cf=1,quick,0.1,0.4,0.0,1.0,0.0,1.0,1.0,wiki_A,autorpa_233k,always_reactive,46668376.0,0.970915,0.0,0.0,0.0,0.0,0.0,0.0,0.0,0.005,0.0,0.0,always_reactive,0.302881
h=0.1/q0=0.4/p=0/r=1/sig=0/cf=1,quick,0.1,0.4,0.0,1.0,0.0,1.0,1.0,wiki_A,autorpa_233k,always_compile_evict,154081376.0,3.205596,0.0,0.0,461.0,0.0,0.0,0.0,461.0,0.001,461.0,107413000.0,always_reactive,0.302881
h=0.1/q0=0.4/p=0/r=1/sig=0/cf=1,quick,0.1,0.4,0.0,1.0,0.0,1.0,1.0,wiki_A,autorpa_233k,ours_noinflate,48066376.0,1.0,0.0,0.0,6.0,0.0,0.0,0.0,6.0,0.005,6.0,1398000.0,always_reactive,0.302881
h=0.1/q0=0.4/p=0/r=1/sig=0/cf=1,quick,0.1,0.4,0.0,1.0,0.0,1.0,1.0,wiki_A,autorpa_233k,oracle_tax,46668376.0,0.970915,0.0,0.0,0.0,0.0,0.0,0.0,0.0,0.005,0.0,0.0,always_reactive,0.302881
h=0.1/q0=0.4/p=0/r=1/sig=0/cf=1,quick,0.1,0.4,0.0,1.0,0.0,1.0,1.0,wiki_A,autorpa_233k,ours_spend_cap,48066376.0,1.0,0.0,0.0,6.0,0.0,0.0,0.0,6.0,0.005,6.0,1398000.0,always_reactive,0.302881
h=0.1/q0=0.4/p=0/r=1/sig=0/cf=1,quick,0.1,0.4,0.0,1.0,0.0,1.0,1.0,wiki_A,autorpa_233k,ours_pi_prior,48532376.0,1.009695,0.0,0.0,8.0,0.0,0.0,0.0,8.0,0.005,8.0,1864000.0,always_reactive,0.302881
h=0.1/q0=0.4/p=0/r=1/sig=0/cf=1,quick,0.1,0.4,0.0,1.0,0.0,1.0,1.0,wiki_A,autorpa_233k,ours_both,48532376.0,1.009695,0.0,0.0,8.0,0.0,0.0,0.0,8.0,0.005,8.0,1864000.0,always_reactive,0.302881
h=0.1/q0=0.4/p=0/r=1/sig=0/cf=1,quick,0.1,0.4,0.0,1.0,0.0,1.0,1.0,wiki_A,autorpa_233k,offline_taxblind,46668376.0,0.970915,,,,,,,,,,,always_reactive,0.302881
h=0.1/q0=0.4/p=0/r=1/sig=0/cf=1,quick,0.1,0.4,0.0,1.0,0.0,1.0,1.0,wiki_A,autorpa_233k,offline_opt_tax,46668376.0,0.970915,,,,,,,,,,,always_reactive,0.302881
h=0.1/q0=0.4/p=0/r=1/sig=0/cf=1,quick,0.1,0.4,0.0,1.0,0.0,1.0,1.0,wiki_A,native,always_reactive,46668376.0,0.922627,0.0,0.0,0.0,0.0,0.0,0.0,0.0,0.005,0.0,0.0,always_reactive,0.874341
h=0.1/q0=0.4/p=0/r=1/sig=0/cf=1,quick,0.1,0.4,0.0,1.0,0.0,1.0,1.0,wiki_A,native,always_compile_evict,53375465.0,1.055225,0.0,0.0,461.0,0.0,0.0,0.0,461.0,0.004,461.0,6707089.0,always_reactive,0.874341
h=0.1/q0=0.4/p=0/r=1/sig=0/cf=1,quick,0.1,0.4,0.0,1.0,0.0,1.0,1.0,wiki_A,native,ours_noinflate,50582057.0,1.0,0.0,0.0,269.0,0.0,0.0,0.0,269.0,0.004,269.0,3913681.0,always_reactive,0.874341
h=0.1/q0=0.4/p=0/r=1/sig=0/cf=1,quick,0.1,0.4,0.0,1.0,0.0,1.0,1.0,wiki_A,native,oracle_tax,46668376.0,0.922627,0.0,0.0,0.0,0.0,0.0,0.0,0.0,0.005,0.0,0.0,always_reactive,0.874341
h=0.1/q0=0.4/p=0/r=1/sig=0/cf=1,quick,0.1,0.4,0.0,1.0,0.0,1.0,1.0,wiki_A,native,ours_spend_cap,50582057.0,1.0,0.0,0.0,269.0,0.0,0.0,0.0,269.0,0.004,269.0,3913681.0,always_reactive,0.874341
h=0.1/q0=0.4/p=0/r=1/sig=0/cf=1,quick,0.1,0.4,0.0,1.0,0.0,1.0,1.0,wiki_A,native,ours_pi_prior,50043744.0,0.989358,0.0,0.0,232.0,0.0,0.0,0.0,232.0,0.004,232.0,3375368.0,always_reactive,0.874341
h=0.1/q0=0.4/p=0/r=1/sig=0/cf=1,quick,0.1,0.4,0.0,1.0,0.0,1.0,1.0,wiki_A,native,ours_both,49592725.0,0.980441,0.0,0.0,201.0,0.0,0.0,0.0,201.0,0.004,201.0,2924349.0,always_reactive,0.874341
h=0.1/q0=0.4/p=0/r=1/sig=0/cf=1,quick,0.1,0.4,0.0,1.0,0.0,1.0,1.0,wiki_A,native,offline_taxblind,46668376.0,0.922627,,,,,,,,,,,always_reactive,0.874341
h=0.1/q0=0.4/p=0/r=1/sig=0/cf=1,quick,0.1,0.4,0.0,1.0,0.0,1.0,1.0,wiki_A,native,offline_opt_tax,46668376.0,0.922627,,,,,,,,,,,always_reactive,0.874341
h=0.1/q0=0.4/p=0/r=1/sig=0/cf=3,quick,0.1,0.4,0.0,1.0,0.0,1.0,3.0,sepsis,autorpa_233k,always_reactive,77101119.0,0.973522,0.0,0.0,0.0,0.0,0.0,0.0,0.0,0.005,0.0,0.0,always_reactive,0.437182
h=0.1/q0=0.4/p=0/r=1/sig=0/cf=3,quick,0.1,0.4,0.0,1.0,0.0,1.0,3.0,sepsis,autorpa_233k,always_compile_evict,176359119.0,2.226809,0.0,0.0,142.0,0.0,0.0,0.0,142.0,0.002,142.0,99258000.0,always_reactive,0.437182
h=0.1/q0=0.4/p=0/r=1/sig=0/cf=3,quick,0.1,0.4,0.0,1.0,0.0,1.0,3.0,sepsis,autorpa_233k,ours_noinflate,79198119.0,1.0,0.0,0.0,3.0,0.0,0.0,0.0,3.0,0.005,3.0,2097000.0,always_reactive,0.437182
h=0.1/q0=0.4/p=0/r=1/sig=0/cf=3,quick,0.1,0.4,0.0,1.0,0.0,1.0,3.0,sepsis,autorpa_233k,oracle_tax,77101119.0,0.973522,0.0,0.0,0.0,0.0,0.0,0.0,0.0,0.005,0.0,0.0,always_reactive,0.437182
h=0.1/q0=0.4/p=0/r=1/sig=0/cf=3,quick,0.1,0.4,0.0,1.0,0.0,1.0,3.0,sepsis,autorpa_233k,ours_spend_cap,79198119.0,1.0,0.0,0.0,3.0,0.0,0.0,0.0,3.0,0.005,3.0,2097000.0,always_reactive,0.437182
h=0.1/q0=0.4/p=0/r=1/sig=0/cf=3,quick,0.1,0.4,0.0,1.0,0.0,1.0,3.0,sepsis,autorpa_233k,ours_pi_prior,79897119.0,1.008826,0.0,0.0,4.0,0.0,0.0,0.0,4.0,0.005,4.0,2796000.0,always_reactive,0.437182
h=0.1/q0=0.4/p=0/r=1/sig=0/cf=3,quick,0.1,0.4,0.0,1.0,0.0,1.0,3.0,sepsis,autorpa_233k,ours_both,78499119.0,0.991174,0.0,0.0,2.0,0.0,0.0,0.0,2.0,0.005,2.0,1398000.0,always_reactive,0.437182
h=0.1/q0=0.4/p=0/r=1/sig=0/cf=3,quick,0.1,0.4,0.0,1.0,0.0,1.0,3.0,sepsis,autorpa_233k,offline_taxblind,77101119.0,0.973522,,,,,,,,,,,always_reactive,0.437182
h=0.1/q0=0.4/p=0/r=1/sig=0/cf=3,quick,0.1,0.4,0.0,1.0,0.0,1.0,3.0,sepsis,autorpa_233k,offline_opt_tax,77101119.0,0.973522,,,,,,,,,,,always_reactive,0.437182
h=0.1/q0=0.4/p=0/r=1/sig=0/cf=3,quick,0.1,0.4,0.0,1.0,0.0,1.0,3.0,sepsis,native,always_reactive,77101119.0,0.932435,0.0,0.0,0.0,0.0,0.0,0.0,0.0,0.005,0.0,0.0,always_reactive,0.925595
h=0.1/q0=0.4/p=0/r=1/sig=0/cf=3,quick,0.1,0.4,0.0,1.0,0.0,1.0,3.0,sepsis,native,always_compile_evict,83298993.0,1.00739,0.0,0.0,142.0,0.0,0.0,0.0,142.0,0.005,142.0,6197874.0,always_reactive,0.925595
h=0.1/q0=0.4/p=0/r=1/sig=0/cf=3,quick,0.1,0.4,0.0,1.0,0.0,1.0,3.0,sepsis,native,ours_noinflate,82687935.0,1.0,0.0,0.0,128.0,0.0,0.0,0.0,128.0,0.005,128.0,5586816.0,always_reactive,0.925595
h=0.1/q0=0.4/p=0/r=1/sig=0/cf=3,quick,0.1,0.4,0.0,1.0,0.0,1.0,3.0,sepsis,native,oracle_tax,77101119.0,0.932435,0.0,0.0,0.0,0.0,0.0,0.0,0.0,0.005,0.0,0.0,always_reactive,0.925595
h=0.1/q0=0.4/p=0/r=1/sig=0/cf=3,quick,0.1,0.4,0.0,1.0,0.0,1.0,3.0,sepsis,native,ours_spend_cap,81247584.0,0.982581,0.0,0.0,95.0,0.0,0.0,0.0,95.0,0.005,95.0,4146465.0,always_reactive,0.925595
h=0.1/q0=0.4/p=0/r=1/sig=0/cf=3,quick,0.1,0.4,0.0,1.0,0.0,1.0,3.0,sepsis,native,ours_pi_prior,82818876.0,1.001584,0.0,0.0,131.0,0.0,0.0,0.0,131.0,0.005,131.0,5717757.0,always_reactive,0.925595
h=0.1/q0=0.4/p=0/r=1/sig=0/cf=3,quick,0.1,0.4,0.0,1.0,0.0,1.0,3.0,sepsis,native,ours_both,81203937.0,0.982053,0.0,0.0,94.0,0.0,0.0,0.0,94.0,0.005,94.0,4102818.0,always_reactive,0.925595
h=0.1/q0=0.4/p=0/r=1/sig=0/cf=3,quick,0.1,0.4,0.0,1.0,0.0,1.0,3.0,sepsis,native,offline_taxblind,77101119.0,0.932435,,,,,,,,,,,always_reactive,0.925595
h=0.1/q0=0.4/p=0/r=1/sig=0/cf=3,quick,0.1,0.4,0.0,1.0,0.0,1.0,3.0,sepsis,native,offline_opt_tax,77101119.0,0.932435,,,,,,,,,,,always_reactive,0.925595
h=0.1/q0=0.4/p=0/r=1/sig=0/cf=3,quick,0.1,0.4,0.0,1.0,0.0,1.0,3.0,wiki_A,autorpa_233k,always_reactive,46668376.0,0.917542,0.0,0.0,0.0,0.0,0.0,0.0,0.0,0.005,0.0,0.0,always_reactive,0.126504
h=0.1/q0=0.4/p=0/r=1/sig=0/cf=3,quick,0.1,0.4,0.0,1.0,0.0,1.0,3.0,wiki_A,autorpa_233k,always_compile_evict,368907376.0,7.25305,0.0,0.0,461.0,0.0,0.0,0.0,461.0,0.001,461.0,322239000.0,always_reactive,0.126504
h=0.1/q0=0.4/p=0/r=1/sig=0/cf=3,quick,0.1,0.4,0.0,1.0,0.0,1.0,3.0,wiki_A,autorpa_233k,ours_noinflate,50862376.0,1.0,0.0,0.0,6.0,0.0,0.0,0.0,6.0,0.004,6.0,4194000.0,always_reactive,0.126504
h=0.1/q0=0.4/p=0/r=1/sig=0/cf=3,quick,0.1,0.4,0.0,1.0,0.0,1.0,3.0,wiki_A,autorpa_233k,oracle_tax,46668376.0,0.917542,0.0,0.0,0.0,0.0,0.0,0.0,0.0,0.005,0.0,0.0,always_reactive,0.126504
h=0.1/q0=0.4/p=0/r=1/sig=0/cf=3,quick,0.1,0.4,0.0,1.0,0.0,1.0,3.0,wiki_A,autorpa_233k,ours_spend_cap,50862376.0,1.0,0.0,0.0,6.0,0.0,0.0,0.0,6.0,0.004,6.0,4194000.0,always_reactive,0.126504
h=0.1/q0=0.4/p=0/r=1/sig=0/cf=3,quick,0.1,0.4,0.0,1.0,0.0,1.0,3.0,wiki_A,autorpa_233k,ours_pi_prior,52260376.0,1.027486,0.0,0.0,8.0,0.0,0.0,0.0,8.0,0.004,8.0,5592000.0,always_reactive,0.126504
h=0.1/q0=0.4/p=0/r=1/sig=0/cf=3,quick,0.1,0.4,0.0,1.0,0.0,1.0,3.0,wiki_A,autorpa_233k,ours_both,51561376.0,1.013743,0.0,0.0,7.0,0.0,0.0,0.0,7.0,0.004,7.0,4893000.0,always_reactive,0.126504
h=0.1/q0=0.4/p=0/r=1/sig=0/cf=3,quick,0.1,0.4,0.0,1.0,0.0,1.0,3.0,wiki_A,autorpa_233k,offline_taxblind,46668376.0,0.917542,,,,,,,,,,,always_reactive,0.126504
h=0.1/q0=0.4/p=0/r=1/sig=0/cf=3,quick,0.1,0.4,0.0,1.0,0.0,1.0,3.0,wiki_A,autorpa_233k,offline_opt_tax,46668376.0,0.917542,,,,,,,,,,,always_reactive,0.126504
h=0.1/q0=0.4/p=0/r=1/sig=0/cf=3,quick,0.1,0.4,0.0,1.0,0.0,1.0,3.0,wiki_A,native,always_reactive,46668376.0,0.798987,0.0,0.0,0.0,0.0,0.0,0.0,0.0,0.005,0.0,0.0,always_reactive,0.698737
h=0.1/q0=0.4/p=0/r=1/sig=0/cf=3,quick,0.1,0.4,0.0,1.0,0.0,1.0,3.0,wiki_A,native,always_compile_evict,66789643.0,1.143474,0.0,0.0,461.0,0.0,0.0,0.0,461.0,0.003,461.0,20121267.0,always_reactive,0.698737
h=0.1/q0=0.4/p=0/r=1/sig=0/cf=3,quick,0.1,0.4,0.0,1.0,0.0,1.0,3.0,wiki_A,native,ours_noinflate,58409419.0,1.0,0.0,0.0,269.0,0.0,0.0,0.0,269.0,0.004,269.0,11741043.0,always_reactive,0.698737
h=0.1/q0=0.4/p=0/r=1/sig=0/cf=3,quick,0.1,0.4,0.0,1.0,0.0,1.0,3.0,wiki_A,native,oracle_tax,46668376.0,0.798987,0.0,0.0,0.0,0.0,0.0,0.0,0.0,0.005,0.0,0.0,always_reactive,0.698737
h=0.1/q0=0.4/p=0/r=1/sig=0/cf=3,quick,0.1,0.4,0.0,1.0,0.0,1.0,3.0,wiki_A,native,ours_spend_cap,53128132.0,0.909582,0.0,0.0,148.0,0.0,0.0,0.0,148.0,0.004,148.0,6459756.0,always_reactive,0.698737
h=0.1/q0=0.4/p=0/r=1/sig=0/cf=3,quick,0.1,0.4,0.0,1.0,0.0,1.0,3.0,wiki_A,native,ours_pi_prior,56794480.0,0.972351,0.0,0.0,232.0,0.0,0.0,0.0,232.0,0.004,232.0,10126104.0,always_reactive,0.698737
h=0.1/q0=0.4/p=0/r=1/sig=0/cf=3,quick,0.1,0.4,0.0,1.0,0.0,1.0,3.0,wiki_A,native,ours_both,52822603.0,0.904351,0.0,0.0,141.0,0.0,0.0,0.0,141.0,0.004,141.0,6154227.0,always_reactive,0.698737
h=0.1/q0=0.4/p=0/r=1/sig=0/cf=3,quick,0.1,0.4,0.0,1.0,0.0,1.0,3.0,wiki_A,native,offline_taxblind,46668376.0,0.798987,,,,,,,,,,,always_reactive,0.698737
h=0.1/q0=0.4/p=0/r=1/sig=0/cf=3,quick,0.1,0.4,0.0,1.0,0.0,1.0,3.0,wiki_A,native,offline_opt_tax,46668376.0,0.798987,,,,,,,,,,,always_reactive,0.698737
